"Period","X0V0","X1V0","X0V1","X1V1"
1,12.2666666666667,14.5333333333333,9.86666666666667,21.9333333333333
2,6.26666666666667,10.6666666666667,8.4,18.7333333333333
3,3.46666666666667,10.1333333333333,5.93333333333333,17.8
4,2.53333333333333,6.46666666666667,3.33333333333333,15.2666666666667
